<?xml version="1.0" encoding="UTF-8"?>
<project-private xmlns="http://www.netbeans.org/ns/project-private/1">
    <editor-bookmarks xmlns="http://www.netbeans.org/ns/editor-bookmarks/2" lastBookmarkId="0"/>
    <open-files xmlns="http://www.netbeans.org/ns/projectui-open-files/2">
        <group>
            <file>file:/C:/Users/Korisnik/Documents/NetBeansProjects/tabela/web/index.xhtml</file>
            <file>file:/C:/Users/Korisnik/Documents/NetBeansProjects/tabela/src/java/controllers/Obrisi.java</file>
            <file>file:/C:/Users/Korisnik/Documents/NetBeansProjects/tabela/src/java/controllers/Filmovi.java</file>
            <file>file:/C:/Users/Korisnik/Documents/NetBeansProjects/tabela/web/newjsf.xhtml</file>
            <file>file:/C:/Users/Korisnik/Documents/NetBeansProjects/tabela/src/java/beans/Film.java</file>
        </group>
    </open-files>
</project-private>
